-- insert into login (username, password, isadmin) values ('Kania', 'YIN67k', true);
-- insert into login (username, password, isadmin) values ('Grete', 'RsPdKHG1', true);
-- insert into login (username, password, isadmin) values ('Vanya', 'BYrdFi', true);
-- insert into login (username, password, isadmin) values ('Jens', 'sNsYRFJIB1y', true);
-- insert into login (username, password, isadmin) values ('Quent', '8Q3zhdncEOmd', false);
-- insert into login (username, password, isadmin) values ('Zared', 'mjvGwKSsaJ', false);
-- insert into login (username, password, isadmin) values ('Xymenes', 'wU5KzLlvIJmh', false);
-- insert into login (username, password, isadmin) values ('Vic', '8GXykY2OL', true);
-- insert into login (username, password, isadmin) values ('Reeta', 'dYNvpYnF', false);
-- insert into login (username, password, isadmin) values ('Lloyd', 'eLookLz', false);
-- insert into login (username, password, isadmin) values ('Lorrie', 'p4iIZVWP6S', false);
-- insert into login (username, password, isadmin) values ('Babita', 'pcC8UKvPM6', false);
-- insert into login (username, password, isadmin) values ('Laney', 'XSEozZk8', true);
-- insert into login (username, password, isadmin) values ('Breanne', 'U8GYREBQYc', false);
-- insert into login (username, password, isadmin) values ('Cynthie', 'RLorpjM3Vf', true);
-- insert into login (username, password, isadmin) values ('Montgomery', 'Ns6YMMjpgt', false);
-- insert into login (username, password, isadmin) values ('Camila', 'adXvgUAyKgw', true);
-- insert into login (username, password, isadmin) values ('Cassaundra', 'YGfCo72SAv', false);
-- insert into login (username, password, isadmin) values ('Nadine', 'vwvFYtZ', true);
-- insert into login (username, password, isadmin) values ('Lara', 'hFuyVHoLg', true);
-- insert into login (username, password, isadmin) values ('Beale', 'k1YQ87NWkTg', false);
-- insert into login (username, password, isadmin) values ('Jacquelyn', 'JwfgC0nkBKl', true);
-- insert into login (username, password, isadmin) values ('Mellisa', '5in5SrHirl4', true);
-- insert into login (username, password, isadmin) values ('Rutter', 'diQf5rLF', true);
-- insert into login (username, password, isadmin) values ('Luise', 'A0K2Zau', false);
-- insert into login (username, password, isadmin) values ('Grace', 'QnAJhB8R', true);
-- insert into login (username, password, isadmin) values ('Sandy', 'liMKFSnb', false);
-- insert into login (username, password, isadmin) values ('Ulrikaumeko', 'kmNBFm', false);
-- insert into login (username, password, isadmin) values ('Rurik', 'VUkP2nYdV', false);
-- insert into login (username, password, isadmin) values ('Muriel', 'ccYdaKDYZoO3', false);


-- SELECT "INSERTED LOGIN TABLE";

-- --inserts for user table
-- insert into users (userid, username, phoneno, email, aadharid) values (10000000, 'Kania', 7347511469, 'dgunter0@timesonline.co.uk', '302-67-9753');
-- insert into users (userid, username, phoneno, email, aadharid) values (10000001, 'Grete', 9345464039, 'cmcwilliam1@who.int', '331-01-9602');
-- insert into users (userid, username, phoneno, email, aadharid) values (10000002, 'Vanya', 5132249354, 'cattard2@etsy.com', '466-44-4015');
-- insert into users (userid, username, phoneno, email, aadharid) values (10000003, 'Jens', 5072134746, 'mgoymer3@yahoo.com', '101-69-5726');
-- insert into users (userid, username, phoneno, email, aadharid) values (10000004, 'Quent', 9572551813, 'iaicken4@pbs.org', '727-86-2846');
-- insert into users (userid, username, phoneno, email, aadharid) values (10000005, 'Zared', 7247000009, 'cales5@liveinternet.ru', '344-54-4724');
-- insert into users (userid, username, phoneno, email, aadharid) values (10000006, 'Xymenes', 7544173092, 'bgarrad6@bravesites.com', '432-65-0792');
-- insert into users (userid, username, phoneno, email, aadharid) values (10000007, 'Vic', 3516810479, 'mmattea7@ustream.tv', '828-97-0775');
-- insert into users (userid, username, phoneno, email, aadharid) values (10000008, 'Reeta', 4614925596, 'bmochar8@squidoo.com', '363-64-6629');
-- insert into users (userid, username, phoneno, email, aadharid) values (10000009, 'Lloyd', 1071602217, 'lnuttall9@usatoday.com', '109-20-5235');
-- insert into users (userid, username, phoneno, email, aadharid) values (10000010, 'Lorrie', 6393837068, 'smeanya@usda.gov', '329-88-9097');
-- insert into users (userid, username, phoneno, email, aadharid) values (10000011, 'Babita', 6529920210, 'vvedikhovb@comcast.net', '441-38-3132');
-- insert into users (userid, username, phoneno, email, aadharid) values (10000012, 'Laney', 6815975270, 'oehlerdingc@ebay.co.uk', '538-24-2731');
-- insert into users (userid, username, phoneno, email, aadharid) values (10000013, 'Breanne', 4719392227, 'liffed@alibaba.com', '441-28-3809');
-- insert into users (userid, username, phoneno, email, aadharid) values (10000014, 'Cynthie', 1031730901, 'gfabrye@cocolog-nifty.com', '258-41-1179');
-- insert into users (userid, username, phoneno, email, aadharid) values (10000015, 'Montgomery', 7664991487, 'svanderweedenburgf@goo.gl', '185-74-8969');
-- insert into users (userid, username, phoneno, email, aadharid) values (10000016, 'Camila', 7405199377, 'ftilliardsg@walmart.com', '354-93-7059');
-- insert into users (userid, username, phoneno, email, aadharid) values (10000017, 'Cassaundra', 9908897667, 'btoulsonh@usatoday.com', '134-90-2761');
-- insert into users (userid, username, phoneno, email, aadharid) values (10000018, 'Nadine', 7509700937, 'jbartosiki@squarespace.com', '501-47-0576');
-- insert into users (userid, username, phoneno, email, aadharid) values (10000019, 'Lara', 3577585203, 'bwagnerinj@intel.com', '371-67-4000');
-- insert into users (userid, username, phoneno, email, aadharid) values (10000020, 'Beale', 6052281389, 'gjaffrayk@nytimes.com', '225-81-6686');
-- insert into users (userid, username, phoneno, email, aadharid) values (10000021, 'Jacquelyn', 1521687705, 'vseywoodl@wp.com', '637-94-4667');
-- insert into users (userid, username, phoneno, email, aadharid) values (10000022, 'Mellisa', 5317903097, 'jhorsteadm@livejournal.com', '626-99-0260');
-- insert into users (userid, username, phoneno, email, aadharid) values (10000023, 'Rutter', 7866421998, 'vdundendalen@goo.ne.jp', '553-45-0645');
-- insert into users (userid, username, phoneno, email, aadharid) values (10000024, 'Luise', 3092043915, 'meddowo@admin.ch', '400-26-6634');
-- insert into users (userid, username, phoneno, email, aadharid) values (10000025, 'Grace', 6785469815, 'bnewnsp@fda.gov', '543-95-0375');
-- insert into users (userid, username, phoneno, email, aadharid) values (10000026, 'Sandy', 9618674972, 'cshanleyq@blog.com', '371-39-7977');
-- insert into users (userid, username, phoneno, email, aadharid) values (10000027, 'Ulrikaumeko', 9468146661, 'mbarkawayr@google.pl', '162-97-6950');
-- insert into users (userid, username, phoneno, email, aadharid) values (10000028, 'Rurik', 5723960670, 'nteapes@free.fr', '669-62-0763');
-- insert into users (userid, username, phoneno, email, aadharid) values (10000029, 'Muriel', 7693544616, 'rstorrort@cdc.gov', '760-49-9531');


-- SELECT ("INSERTED USERS TABLE");

-- -- insert for hospital table
-- insert into hospital (hospitalid, hospitalname, cityname) values (92806291, 'Schulist', 'Najiaying');
-- insert into hospital (hospitalid, hospitalname, cityname) values (34751717, 'Donnelly-Lang', 'Usicayos');
-- insert into hospital (hospitalid, hospitalname, cityname) values (70006532, 'Powlowski', 'Denyshi');
-- insert into hospital (hospitalid, hospitalname, cityname) values (66116018, 'McCullough', 'Xiahan');
-- insert into hospital (hospitalid, hospitalname, cityname) values (71518954, 'Hauck', 'Berdyan');
-- insert into hospital (hospitalid, hospitalname, cityname) values (69479325, 'Lowe, Frami', 'Meaux');
-- insert into hospital (hospitalid, hospitalname, cityname) values (71950660, 'Connelly ', 'Sobreda');
-- insert into hospital (hospitalid, hospitalname, cityname) values (91204769, 'Fahey', 'Wurigele');
-- insert into hospital (hospitalid, hospitalname, cityname) values (38371082, 'Ratke', 'Nivnice');
-- insert into hospital (hospitalid, hospitalname, cityname) values (17544845, 'King Group', 'Rodez');


-- SELECT "INSERTED HOSPITAL TABLE";

-- -- INSERT FOR WARD TABLE
-- insert into ward (wardid, wardtype, hospitalid) values (53747190, 'NW', 91204769);
-- insert into ward (wardid, wardtype, hospitalid) values (76635087, 'ER', 66116018);
-- insert into ward (wardid, wardtype, hospitalid) values (79402453, 'NW', 70006532);
-- insert into ward (wardid, wardtype, hospitalid) values (72464246, 'GW', 34751717);
-- insert into ward (wardid, wardtype, hospitalid) values (74225372, 'GW', 69479325);
-- insert into ward (wardid, wardtype, hospitalid) values (68668673, 'NW', 91204769);
-- insert into ward (wardid, wardtype, hospitalid) values (10464388, 'ICU', 71518954);
-- insert into ward (wardid, wardtype, hospitalid) values (73219707, 'NW', 91204769);
-- insert into ward (wardid, wardtype, hospitalid) values (34426812, 'NW', 71950660);
-- insert into ward (wardid, wardtype, hospitalid) values (36419302, 'ER', 92806291);
-- insert into ward (wardid, wardtype, hospitalid) values (82706594, 'ER', 34751717);
-- insert into ward (wardid, wardtype, hospitalid) values (95876169, 'GW', 71950660);
-- insert into ward (wardid, wardtype, hospitalid) values (88709211, 'ER', 34751717);
-- insert into ward (wardid, wardtype, hospitalid) values (81347643, 'ICU', 92806291);
-- insert into ward (wardid, wardtype, hospitalid) values (41503274, 'NW', 71950660);
-- insert into ward (wardid, wardtype, hospitalid) values (30181429, 'NW', 38371082);
-- insert into ward (wardid, wardtype, hospitalid) values (19371548, 'NW', 38371082);
-- insert into ward (wardid, wardtype, hospitalid) values (11846628, 'NW', 91204769);
-- insert into ward (wardid, wardtype, hospitalid) values (95982827, 'ER', 91204769);
-- insert into ward (wardid, wardtype, hospitalid) values (51342896, 'GW', 91204769);
-- insert into ward (wardid, wardtype, hospitalid) values (39351168, 'GW', 92806291);
-- insert into ward (wardid, wardtype, hospitalid) values (41882135, 'NW', 66116018);
-- insert into ward (wardid, wardtype, hospitalid) values (13592834, 'NW', 17544845);
-- insert into ward (wardid, wardtype, hospitalid) values (17946243, 'ER', 92806291);
-- insert into ward (wardid, wardtype, hospitalid) values (60355847, 'NW', 91204769);
-- insert into ward (wardid, wardtype, hospitalid) values (38060243, 'ER', 69479325);
-- insert into ward (wardid, wardtype, hospitalid) values (12086349, 'ICU', 17544845);
-- insert into ward (wardid, wardtype, hospitalid) values (12577952, 'NW', 70006532);
-- insert into ward (wardid, wardtype, hospitalid) values (48094182, 'NW', 34751717);
-- insert into ward (wardid, wardtype, hospitalid) values (31464947, 'GW', 34751717);


-- SELECT "INSERTED WARD TABLE";

-- -- INSERT FOR BED TABLE
-- insert into BED (bedid, wardid, isavailable, isprivate) values (85076354, 72464246, true, true);
-- insert into BED (bedid, wardid, isavailable, isprivate) values (89170259, 88709211, true, false);
-- insert into BED (bedid, wardid, isavailable, isprivate) values (39838409, 39351168, false, true);
-- insert into BED (bedid, wardid, isavailable, isprivate) values (99808353, 53747190, false, false);
-- insert into BED (bedid, wardid, isavailable, isprivate) values (77730979, 39351168, true, false);
-- insert into BED (bedid, wardid, isavailable, isprivate) values (90093273, 74225372, true, true);
-- insert into BED (bedid, wardid, isavailable, isprivate) values (68875777, 95876169, false, true);
-- insert into BED (bedid, wardid, isavailable, isprivate) values (64956527, 12086349, false, false);
-- insert into BED (bedid, wardid, isavailable, isprivate) values (93440516, 95876169, false, true);
-- insert into BED (bedid, wardid, isavailable, isprivate) values (21325430, 95982827, true, false);
-- insert into BED (bedid, wardid, isavailable, isprivate) values (20121354, 41503274, false, true);
-- insert into BED (bedid, wardid, isavailable, isprivate) values (94226555, 13592834, false, true);
-- insert into BED (bedid, wardid, isavailable, isprivate) values (92430214, 60355847, false, true);
-- insert into BED (bedid, wardid, isavailable, isprivate) values (78164968, 10464388, false, false);
-- insert into BED (bedid, wardid, isavailable, isprivate) values (35099580, 30181429, false, true);
-- insert into BED (bedid, wardid, isavailable, isprivate) values (95833244, 19371548, false, false);
-- insert into BED (bedid, wardid, isavailable, isprivate) values (50625544, 68668673, false, true);
-- insert into BED (bedid, wardid, isavailable, isprivate) values (77812858, 36419302, false, true);
-- insert into BED (bedid, wardid, isavailable, isprivate) values (89176339, 41882135, false, false);
-- insert into BED (bedid, wardid, isavailable, isprivate) values (27172686, 51342896, false, false);
-- insert into BED (bedid, wardid, isavailable, isprivate) values (44590944, 39351168, false, false);
-- insert into BED (bedid, wardid, isavailable, isprivate) values (92469490, 12086349, false, true);
-- insert into BED (bedid, wardid, isavailable, isprivate) values (82613371, 95876169, true, false);
-- insert into BED (bedid, wardid, isavailable, isprivate) values (32474129, 17946243, false, false);
-- insert into BED (bedid, wardid, isavailable, isprivate) values (19038577, 79402453, false, false);
-- insert into BED (bedid, wardid, isavailable, isprivate) values (79942140, 53747190, true, true);
-- insert into BED (bedid, wardid, isavailable, isprivate) values (64978703, 39351168, true, true);
-- insert into BED (bedid, wardid, isavailable, isprivate) values (41252050, 73219707, true, false);
-- insert into BED (bedid, wardid, isavailable, isprivate) values (48066204, 11846628, false, true);
-- insert into BED (bedid, wardid, isavailable, isprivate) values (42961509, 48094182, true, true);
-- insert into BED (bedid, wardid, isavailable, isprivate) values (55401758, 13592834, true, false);
-- insert into BED (bedid, wardid, isavailable, isprivate) values (94700507, 60355847, false, true);
-- insert into BED (bedid, wardid, isavailable, isprivate) values (37927931, 88709211, false, true);
-- insert into BED (bedid, wardid, isavailable, isprivate) values (79157360, 12577952, false, false);
-- insert into BED (bedid, wardid, isavailable, isprivate) values (19531622, 36419302, false, false);
-- insert into BED (bedid, wardid, isavailable, isprivate) values (60627816, 74225372, true, true);
-- insert into BED (bedid, wardid, isavailable, isprivate) values (76094632, 79402453, false, true);
-- insert into BED (bedid, wardid, isavailable, isprivate) values (56084941, 68668673, true, true);
-- insert into BED (bedid, wardid, isavailable, isprivate) values (82399428, 38060243, false, true);
-- insert into BED (bedid, wardid, isavailable, isprivate) values (36442100, 17946243, false, false);
-- insert into BED (bedid, wardid, isavailable, isprivate) values (42449004, 48094182, true, true);
-- insert into BED (bedid, wardid, isavailable, isprivate) values (90193542, 41882135, false, false);
-- insert into BED (bedid, wardid, isavailable, isprivate) values (40875397, 79402453, false, true);
-- insert into BED (bedid, wardid, isavailable, isprivate) values (85916848, 68668673, true, true);
-- insert into BED (bedid, wardid, isavailable, isprivate) values (33297304, 13592834, true, true);
-- insert into BED (bedid, wardid, isavailable, isprivate) values (24737326, 39351168, true, false);
-- insert into BED (bedid, wardid, isavailable, isprivate) values (17737534, 10464388, true, false);
-- insert into BED (bedid, wardid, isavailable, isprivate) values (35337254, 39351168, false, false);
-- insert into BED (bedid, wardid, isavailable, isprivate) values (10315490, 31464947, false, false);
-- insert into BED (bedid, wardid, isavailable, isprivate) values (54635460, 51342896, true, false);
-- SELECT "INSERTED BED TABLE";





























insert into login (username, password, isadmin) values ('sudarshan','sun','F');
insert into login (username, password, isadmin) values ('badri','moon','F');
insert into login (username, password, isadmin) values ('veena','veenus','F');
insert into login (username, password, isadmin) values ('karthik','mars','F');
insert into login (username, password, isadmin) values ('pranav','jupiter','F');
select "1";

insert into users ( username, phoneno, email, aadharid) values ('sudarshan',9949995566,'testingmail@sudarshan.com','123-345adid');
insert into users ( username, phoneno, email, aadharid) values ('badri',9949995566,'testingmail@sudarshan.com','123-345adid');
insert into users ( username, phoneno, email, aadharid) values ('veena',9949995566,'testingmail@sudarshan.com','123-345adid');
insert into users ( username, phoneno, email, aadharid) values ('karthik',9949995566,'testingmail@sudarshan.com','123-345adid');
insert into users ( username, phoneno, email, aadharid) values ('pranav',9949995566,'testingmail@sudarshan.com','123-345adid');
select "2";

insert into hospital ( hospitalname, cityname) values ('Yashoda','hyderabad');
insert into hospital ( hospitalname, cityname) values ('Kamineni','mumbai');
insert into hospital ( hospitalname, cityname) values ('Apollo','delhi');
insert into hospital ( hospitalname, cityname) values ('Myhosp','hyderabad');
insert into hospital ( hospitalname, cityname) values ('Yourhosp','goa');
insert into hospital ( hospitalname, cityname) values ('Ourhosp','hyderabad');
select '3';

insert into ward ( wardtype, hospitalid) values ('GW',1);
insert into ward ( wardtype, hospitalid) values ('Er',1);
insert into ward ( wardtype, hospitalid) values ('Sp',1);
insert into ward ( wardtype, hospitalid) values ('Icu',1);
insert into ward ( wardtype, hospitalid) values ('GW',2);
insert into ward ( wardtype, hospitalid) values ('Er',2);
insert into ward ( wardtype, hospitalid) values ('Sp',2);
insert into ward ( wardtype, hospitalid) values ('GW',3);
insert into ward ( wardtype, hospitalid) values ('Er',3);
insert into ward ( wardtype, hospitalid) values ('Icu',3);
insert into ward ( wardtype, hospitalid) values ('GW',4);
insert into ward ( wardtype, hospitalid) values ('Er',4);
insert into ward ( wardtype, hospitalid) values ('GW',5);
insert into ward ( wardtype, hospitalid) values ('Er',5);
insert into ward ( wardtype, hospitalid) values ('GW',6);
select '4';

insert into BED ( wardid, isavailable, isprivate) values (1,true,false);
insert into BED ( wardid, isavailable, isprivate) values (1,false,false);
insert into BED ( wardid, isavailable, isprivate) values (1,true,false);
insert into BED ( wardid, isavailable, isprivate) values (1,false,false);
insert into BED ( wardid, isavailable, isprivate) values (1,true,false);
insert into BED ( wardid, isavailable, isprivate) values (1,false,false);
insert into BED ( wardid, isavailable, isprivate) values (1,false,false);
insert into BED ( wardid, isavailable, isprivate) values (1,false,true);
insert into BED ( wardid, isavailable, isprivate) values (1,true,true);
insert into BED ( wardid, isavailable, isprivate) values (2,false,false);
insert into BED ( wardid, isavailable, isprivate) values (2,true,false);
insert into BED ( wardid, isavailable, isprivate) values (2,false,false);
insert into BED ( wardid, isavailable, isprivate) values (2,false,false);
insert into BED ( wardid, isavailable, isprivate) values (2,true,true);
insert into BED ( wardid, isavailable, isprivate) values (2,false,false);
insert into BED ( wardid, isavailable, isprivate) values (2,false,false);
insert into BED ( wardid, isavailable, isprivate) values (2,false,false);
insert into BED ( wardid, isavailable, isprivate) values (2,true,false);
insert into BED ( wardid, isavailable, isprivate) values (3,false,false);
insert into BED ( wardid, isavailable, isprivate) values (3,true,true);
insert into BED ( wardid, isavailable, isprivate) values (3,false,false);
insert into BED ( wardid, isavailable, isprivate) values (3,false,false);
insert into BED ( wardid, isavailable, isprivate) values (3,true,false);
insert into BED ( wardid, isavailable, isprivate) values (3,false,false);
insert into BED ( wardid, isavailable, isprivate) values (3,false,false);
insert into BED ( wardid, isavailable, isprivate) values (3,true,false);
insert into BED ( wardid, isavailable, isprivate) values (3,false,false);
insert into BED ( wardid, isavailable, isprivate) values (4,true,false);
insert into BED ( wardid, isavailable, isprivate) values (4,false,true);
insert into BED ( wardid, isavailable, isprivate) values (5,true,false);
insert into BED ( wardid, isavailable, isprivate) values (5,false,false);
insert into BED ( wardid, isavailable, isprivate) values (5,true,false);
insert into BED ( wardid, isavailable, isprivate) values (6,false,false);
insert into BED ( wardid, isavailable, isprivate) values (7,false,false);
insert into BED ( wardid, isavailable, isprivate) values (8,true,true);
insert into BED ( wardid, isavailable, isprivate) values (9,false,false);
insert into BED ( wardid, isavailable, isprivate) values (10,false,false);
insert into BED ( wardid, isavailable, isprivate) values (11,false,false);
insert into BED ( wardid, isavailable, isprivate) values (12,true,false);
insert into BED ( wardid, isavailable, isprivate) values (13,false,false);
insert into BED ( wardid, isavailable, isprivate) values (14,true,false);
insert into BED ( wardid, isavailable, isprivate) values (15,false,false);
insert into BED ( wardid, isavailable, isprivate) values (6,false,true);
insert into BED ( wardid, isavailable, isprivate) values (9,true,false);
select '5';